coreid,identifier,accessURI,thumbnailAccessURI,goodQualityAccessURI,format,type,subtype,rights,Owner,creator,UsageTerms,WebStatement,caption,comments,tag,providerManagedID,MetadataDate,associatedSpecimenReference,metadataLanguage
971299,https://api.idigbio.org/v2/media/26bab8e2f5651ad8bd570e61562db472,https://api.idigbio.org/v2/media/26bab8e2f5651ad8bd570e61562db472,https://api.idigbio.org/v2/media/26bab8e2f5651ad8bd570e61562db472?size=thumbnail,https://api.idigbio.org/v2/media/26bab8e2f5651ad8bd570e61562db472?size=webview,image/jpeg,StillImage,Photograph,http://creativecommons.org/licenses/by-nc/4.0/,"RSA - California Botanic Garden Herbarium (RSA-VascularPlants)",,"CC BY-NC-SA (Attribution-NonCommercial-ShareAlike)",,,,,urn:uuid:64608f59-e807-4341-8ba7-71b219ff9326,"2019-03-19 09:51:54",https://cch2.org/portal/collections/individual/index.php?occid=971299,en
1236124,https://api.idigbio.org/v2/media/d72ef0b6696f9da5d2cc66d28beb1e4b,https://api.idigbio.org/v2/media/d72ef0b6696f9da5d2cc66d28beb1e4b,https://api.idigbio.org/v2/media/d72ef0b6696f9da5d2cc66d28beb1e4b?size=thumbnail,https://api.idigbio.org/v2/media/d72ef0b6696f9da5d2cc66d28beb1e4b?size=webview,image/jpeg,StillImage,Photograph,http://creativecommons.org/licenses/by-nc/4.0/,"RSA - California Botanic Garden Herbarium (RSA-VascularPlants)",,"CC BY-NC-SA (Attribution-NonCommercial-ShareAlike)",,,,,urn:uuid:6b63f970-ea5e-4ae7-a87c-bdc9e6648dc2,"2019-03-20 11:33:10",https://cch2.org/portal/collections/individual/index.php?occid=1236124,en
1086880,https://api.idigbio.org/v2/media/90fcee9db09c6cc25f50091d0f2f8996,https://api.idigbio.org/v2/media/90fcee9db09c6cc25f50091d0f2f8996,https://api.idigbio.org/v2/media/90fcee9db09c6cc25f50091d0f2f8996?size=thumbnail,https://api.idigbio.org/v2/media/90fcee9db09c6cc25f50091d0f2f8996?size=webview,image/jpeg,StillImage,Photograph,http://creativecommons.org/licenses/by-nc/4.0/,"RSA - California Botanic Garden Herbarium (RSA-VascularPlants)",,"CC BY-NC-SA (Attribution-NonCommercial-ShareAlike)",,,,,urn:uuid:9447b4b9-4892-4b87-8240-f6441b01ea91,"2019-04-16 14:27:49",https://cch2.org/portal/collections/individual/index.php?occid=1086880,en
1086880,https://api.idigbio.org/v2/media/529260e17d95e28f9dff5142e90dbd0b,https://api.idigbio.org/v2/media/529260e17d95e28f9dff5142e90dbd0b,https://api.idigbio.org/v2/media/529260e17d95e28f9dff5142e90dbd0b?size=thumbnail,https://api.idigbio.org/v2/media/529260e17d95e28f9dff5142e90dbd0b?size=webview,image/jpeg,StillImage,Photograph,http://creativecommons.org/licenses/by-nc/4.0/,"RSA - California Botanic Garden Herbarium (RSA-VascularPlants)",,"CC BY-NC-SA (Attribution-NonCommercial-ShareAlike)",,,,,urn:uuid:f8a690a7-f745-4e86-bb9b-27dff0cc6213,"2019-04-16 14:27:49",https://cch2.org/portal/collections/individual/index.php?occid=1086880,en
1088871,https://api.idigbio.org/v2/media/cc95bbba0b82681a1e40fc5a0bf1623e,https://api.idigbio.org/v2/media/cc95bbba0b82681a1e40fc5a0bf1623e,https://api.idigbio.org/v2/media/cc95bbba0b82681a1e40fc5a0bf1623e?size=thumbnail,https://api.idigbio.org/v2/media/cc95bbba0b82681a1e40fc5a0bf1623e?size=webview,image/jpeg,StillImage,Photograph,http://creativecommons.org/licenses/by-nc/4.0/,"RSA - California Botanic Garden Herbarium (RSA-VascularPlants)",,"CC BY-NC-SA (Attribution-NonCommercial-ShareAlike)",,,,,urn:uuid:f88a5e0c-2710-41fd-b66b-f6a865c01009,"2019-04-16 14:27:49",https://cch2.org/portal/collections/individual/index.php?occid=1088871,en
960508,https://api.idigbio.org/v2/media/57c11e5c7d85d099fcbf2ad56e670f53,https://api.idigbio.org/v2/media/57c11e5c7d85d099fcbf2ad56e670f53,https://api.idigbio.org/v2/media/57c11e5c7d85d099fcbf2ad56e670f53?size=thumbnail,https://api.idigbio.org/v2/media/57c11e5c7d85d099fcbf2ad56e670f53?size=webview,image/jpeg,StillImage,Photograph,http://creativecommons.org/licenses/by-nc/4.0/,"RSA - California Botanic Garden Herbarium (RSA-VascularPlants)",,"CC BY-NC-SA (Attribution-NonCommercial-ShareAlike)",,,,,urn:uuid:123fa506-b356-402e-92e1-19f93839e9a8,"2019-04-16 14:27:49",https://cch2.org/portal/collections/individual/index.php?occid=960508,en
944481,https://api.idigbio.org/v2/media/b873b14baff6978597c6b867bbde06b6,https://api.idigbio.org/v2/media/b873b14baff6978597c6b867bbde06b6,https://api.idigbio.org/v2/media/b873b14baff6978597c6b867bbde06b6?size=thumbnail,https://api.idigbio.org/v2/media/b873b14baff6978597c6b867bbde06b6?size=webview,image/jpeg,StillImage,Photograph,http://creativecommons.org/licenses/by-nc/4.0/,"RSA - California Botanic Garden Herbarium (RSA-VascularPlants)",,"CC BY-NC-SA (Attribution-NonCommercial-ShareAlike)",,,,,urn:uuid:fa1bf4c0-ce95-4169-a4d5-540837ed08a0,"2019-04-16 14:27:49",https://cch2.org/portal/collections/individual/index.php?occid=944481,en
1035927,https://api.idigbio.org/v2/media/14db2e76cca29e47561bcc3e19d55002,https://api.idigbio.org/v2/media/14db2e76cca29e47561bcc3e19d55002,https://api.idigbio.org/v2/media/14db2e76cca29e47561bcc3e19d55002?size=thumbnail,https://api.idigbio.org/v2/media/14db2e76cca29e47561bcc3e19d55002?size=webview,image/jpeg,StillImage,Photograph,http://creativecommons.org/licenses/by-nc/4.0/,"RSA - California Botanic Garden Herbarium (RSA-VascularPlants)",,"CC BY-NC-SA (Attribution-NonCommercial-ShareAlike)",,,,,urn:uuid:74ee3620-bfbf-457f-abc1-3fb2a2e4befd,"2019-04-16 14:27:50",https://cch2.org/portal/collections/individual/index.php?occid=1035927,en
1228560,https://api.idigbio.org/v2/media/4d6c2bae49b96e68bcb43d32bb0f95b8,https://api.idigbio.org/v2/media/4d6c2bae49b96e68bcb43d32bb0f95b8,https://api.idigbio.org/v2/media/4d6c2bae49b96e68bcb43d32bb0f95b8?size=thumbnail,https://api.idigbio.org/v2/media/4d6c2bae49b96e68bcb43d32bb0f95b8?size=webview,image/jpeg,StillImage,Photograph,http://creativecommons.org/licenses/by-nc/4.0/,"RSA - California Botanic Garden Herbarium (RSA-VascularPlants)",,"CC BY-NC-SA (Attribution-NonCommercial-ShareAlike)",,,,,urn:uuid:3c715d75-c02c-4601-bdb2-63845101212c,"2019-04-16 14:27:50",https://cch2.org/portal/collections/individual/index.php?occid=1228560,en
760145,https://api.idigbio.org/v2/media/60cb9e254aaf61d9b83cdb69cb7d2d0a,https://api.idigbio.org/v2/media/60cb9e254aaf61d9b83cdb69cb7d2d0a,https://api.idigbio.org/v2/media/60cb9e254aaf61d9b83cdb69cb7d2d0a?size=thumbnail,https://api.idigbio.org/v2/media/60cb9e254aaf61d9b83cdb69cb7d2d0a?size=webview,image/jpeg,StillImage,Photograph,http://creativecommons.org/licenses/by-nc/4.0/,"RSA - California Botanic Garden Herbarium (RSA-VascularPlants)",,"CC BY-NC-SA (Attribution-NonCommercial-ShareAlike)",,,,,urn:uuid:1a136380-2dad-4ee6-b58e-a8c661ecf0d6,"2019-04-16 14:27:50",https://cch2.org/portal/collections/individual/index.php?occid=760145,en
784406,https://api.idigbio.org/v2/media/8fd7a0bf33ec22fc5dfbe751d9a25e2e,https://api.idigbio.org/v2/media/8fd7a0bf33ec22fc5dfbe751d9a25e2e,https://api.idigbio.org/v2/media/8fd7a0bf33ec22fc5dfbe751d9a25e2e?size=thumbnail,https://api.idigbio.org/v2/media/8fd7a0bf33ec22fc5dfbe751d9a25e2e?size=webview,image/jpeg,StillImage,Photograph,http://creativecommons.org/licenses/by-nc/4.0/,"RSA - California Botanic Garden Herbarium (RSA-VascularPlants)",,"CC BY-NC-SA (Attribution-NonCommercial-ShareAlike)",,,,,urn:uuid:ba43c13b-a5ec-44fb-9a32-d3af391da6e8,"2019-04-16 14:27:50",https://cch2.org/portal/collections/individual/index.php?occid=784406,en
656057,https://api.idigbio.org/v2/media/481a7c39882fa3925c3e1797401cea5d,https://api.idigbio.org/v2/media/481a7c39882fa3925c3e1797401cea5d,https://api.idigbio.org/v2/media/481a7c39882fa3925c3e1797401cea5d?size=thumbnail,https://api.idigbio.org/v2/media/481a7c39882fa3925c3e1797401cea5d?size=webview,image/jpeg,StillImage,Photograph,http://creativecommons.org/licenses/by-nc/4.0/,"RSA - California Botanic Garden Herbarium (RSA-VascularPlants)",,"CC BY-NC-SA (Attribution-NonCommercial-ShareAlike)",,,,,urn:uuid:260a7e88-66f4-413b-bc50-9855f69e4f10,"2019-04-16 14:27:51",https://cch2.org/portal/collections/individual/index.php?occid=656057,en
1161124,https://api.idigbio.org/v2/media/aed13a5d9b9a06447d8b254ebd568cb5,https://api.idigbio.org/v2/media/aed13a5d9b9a06447d8b254ebd568cb5,https://api.idigbio.org/v2/media/aed13a5d9b9a06447d8b254ebd568cb5?size=thumbnail,https://api.idigbio.org/v2/media/aed13a5d9b9a06447d8b254ebd568cb5?size=webview,image/jpeg,StillImage,Photograph,http://creativecommons.org/licenses/by-nc/4.0/,"RSA - California Botanic Garden Herbarium (RSA-VascularPlants)",,"CC BY-NC-SA (Attribution-NonCommercial-ShareAlike)",,,,,urn:uuid:ab8d364b-0e4b-41d0-a06e-495de52ccb31,"2019-04-16 14:27:51",https://cch2.org/portal/collections/individual/index.php?occid=1161124,en
1153241,https://api.idigbio.org/v2/media/71d1b30f7f9058e81b3ecb4e03c568cd,https://api.idigbio.org/v2/media/71d1b30f7f9058e81b3ecb4e03c568cd,https://api.idigbio.org/v2/media/71d1b30f7f9058e81b3ecb4e03c568cd?size=thumbnail,https://api.idigbio.org/v2/media/71d1b30f7f9058e81b3ecb4e03c568cd?size=webview,image/jpeg,StillImage,Photograph,http://creativecommons.org/licenses/by-nc/4.0/,"RSA - California Botanic Garden Herbarium (RSA-VascularPlants)",,"CC BY-NC-SA (Attribution-NonCommercial-ShareAlike)",,,,,urn:uuid:81a4e697-c988-41e3-bec5-3a84a294ed14,"2019-04-16 14:27:51",https://cch2.org/portal/collections/individual/index.php?occid=1153241,en
1114786,https://api.idigbio.org/v2/media/14e762cbaa372a6520e8e0dcdf5063dc,https://api.idigbio.org/v2/media/14e762cbaa372a6520e8e0dcdf5063dc,https://api.idigbio.org/v2/media/14e762cbaa372a6520e8e0dcdf5063dc?size=thumbnail,https://api.idigbio.org/v2/media/14e762cbaa372a6520e8e0dcdf5063dc?size=webview,image/jpeg,StillImage,Photograph,http://creativecommons.org/licenses/by-nc/4.0/,"RSA - California Botanic Garden Herbarium (RSA-VascularPlants)",,"CC BY-NC-SA (Attribution-NonCommercial-ShareAlike)",,,,,urn:uuid:2956fc42-1f2a-48d5-94eb-383933dde015,"2019-04-18 10:12:30",https://cch2.org/portal/collections/individual/index.php?occid=1114786,en
991487,https://api.idigbio.org/v2/media/2c6ad3525e9ffab6c02345c56d2f2dc1,https://api.idigbio.org/v2/media/2c6ad3525e9ffab6c02345c56d2f2dc1,https://api.idigbio.org/v2/media/2c6ad3525e9ffab6c02345c56d2f2dc1?size=thumbnail,https://api.idigbio.org/v2/media/2c6ad3525e9ffab6c02345c56d2f2dc1?size=webview,image/jpeg,StillImage,Photograph,http://creativecommons.org/licenses/by-nc/4.0/,"RSA - California Botanic Garden Herbarium (RSA-VascularPlants)",,"CC BY-NC-SA (Attribution-NonCommercial-ShareAlike)",,,,,urn:uuid:6ee62c08-a9c0-40f6-abbb-420f3221b33d,"2019-04-18 10:12:31",https://cch2.org/portal/collections/individual/index.php?occid=991487,en
786907,https://api.idigbio.org/v2/media/d279c8a95a952a28a75bb07f9f4735af,https://api.idigbio.org/v2/media/d279c8a95a952a28a75bb07f9f4735af,https://api.idigbio.org/v2/media/d279c8a95a952a28a75bb07f9f4735af?size=thumbnail,https://api.idigbio.org/v2/media/d279c8a95a952a28a75bb07f9f4735af?size=webview,image/jpeg,StillImage,Photograph,http://creativecommons.org/licenses/by-nc/4.0/,"RSA - California Botanic Garden Herbarium (RSA-VascularPlants)",,"CC BY-NC-SA (Attribution-NonCommercial-ShareAlike)",,,,,urn:uuid:56d7d576-ac7a-49a4-bd5f-fdb35e358253,"2019-04-19 11:35:02",https://cch2.org/portal/collections/individual/index.php?occid=786907,en
655003,https://api.idigbio.org/v2/media/76a1ac85b10780761772ceb923e715e3,https://api.idigbio.org/v2/media/76a1ac85b10780761772ceb923e715e3,https://api.idigbio.org/v2/media/76a1ac85b10780761772ceb923e715e3?size=thumbnail,https://api.idigbio.org/v2/media/76a1ac85b10780761772ceb923e715e3?size=webview,image/jpeg,StillImage,Photograph,http://creativecommons.org/licenses/by-nc/4.0/,"RSA - California Botanic Garden Herbarium (RSA-VascularPlants)",,"CC BY-NC-SA (Attribution-NonCommercial-ShareAlike)",,,,,urn:uuid:27ea6d33-0dca-4270-bbb0-0ea412553c54,"2019-04-19 11:35:02",https://cch2.org/portal/collections/individual/index.php?occid=655003,en
1113523,https://api.idigbio.org/v2/media/9f5b92b79392c9c5803dc94d9064cc0d,https://api.idigbio.org/v2/media/9f5b92b79392c9c5803dc94d9064cc0d,https://api.idigbio.org/v2/media/9f5b92b79392c9c5803dc94d9064cc0d?size=thumbnail,https://api.idigbio.org/v2/media/9f5b92b79392c9c5803dc94d9064cc0d?size=webview,image/jpeg,StillImage,Photograph,http://creativecommons.org/licenses/by-nc/4.0/,"RSA - California Botanic Garden Herbarium (RSA-VascularPlants)",,"CC BY-NC-SA (Attribution-NonCommercial-ShareAlike)",,,,,urn:uuid:9692e614-8054-477f-a7fc-2809d1c9daee,"2019-04-19 11:35:02",https://cch2.org/portal/collections/individual/index.php?occid=1113523,en
967867,https://api.idigbio.org/v2/media/329c631ee24b8a043b730d16ea6df1c3,https://api.idigbio.org/v2/media/329c631ee24b8a043b730d16ea6df1c3,https://api.idigbio.org/v2/media/329c631ee24b8a043b730d16ea6df1c3?size=thumbnail,https://api.idigbio.org/v2/media/329c631ee24b8a043b730d16ea6df1c3?size=webview,image/jpeg,StillImage,Photograph,http://creativecommons.org/licenses/by-nc/4.0/,"RSA - California Botanic Garden Herbarium (RSA-VascularPlants)",,"CC BY-NC-SA (Attribution-NonCommercial-ShareAlike)",,,,,urn:uuid:a93aca36-cf7f-43c7-8097-7821c6cbd7c8,"2019-04-19 11:35:02",https://cch2.org/portal/collections/individual/index.php?occid=967867,en
725497,https://api.idigbio.org/v2/media/a9a600682f18117fd1905ce563bc9a32,https://api.idigbio.org/v2/media/a9a600682f18117fd1905ce563bc9a32,https://api.idigbio.org/v2/media/a9a600682f18117fd1905ce563bc9a32?size=thumbnail,https://api.idigbio.org/v2/media/a9a600682f18117fd1905ce563bc9a32?size=webview,image/jpeg,StillImage,Photograph,http://creativecommons.org/licenses/by-nc/4.0/,"RSA - California Botanic Garden Herbarium (RSA-VascularPlants)",,"CC BY-NC-SA (Attribution-NonCommercial-ShareAlike)",,,,,urn:uuid:abed15f9-f46b-48c4-ac02-58c71c5ba4a4,"2019-04-19 11:35:03",https://cch2.org/portal/collections/individual/index.php?occid=725497,en
920116,https://api.idigbio.org/v2/media/18d4b27ed7a9a533020ed21fd0c872af,https://api.idigbio.org/v2/media/18d4b27ed7a9a533020ed21fd0c872af,https://api.idigbio.org/v2/media/18d4b27ed7a9a533020ed21fd0c872af?size=thumbnail,https://api.idigbio.org/v2/media/18d4b27ed7a9a533020ed21fd0c872af?size=webview,image/jpeg,StillImage,Photograph,http://creativecommons.org/licenses/by-nc/4.0/,"RSA - California Botanic Garden Herbarium (RSA-VascularPlants)",,"CC BY-NC-SA (Attribution-NonCommercial-ShareAlike)",,,,,urn:uuid:6715cfee-9c07-485c-8280-0a299c2546bb,"2019-04-19 11:35:03",https://cch2.org/portal/collections/individual/index.php?occid=920116,en
999631,https://api.idigbio.org/v2/media/ba7daf9db44f7c57b9eb4ed2ab024371,https://api.idigbio.org/v2/media/ba7daf9db44f7c57b9eb4ed2ab024371,https://api.idigbio.org/v2/media/ba7daf9db44f7c57b9eb4ed2ab024371?size=thumbnail,https://api.idigbio.org/v2/media/ba7daf9db44f7c57b9eb4ed2ab024371?size=webview,image/jpeg,StillImage,Photograph,http://creativecommons.org/licenses/by-nc/4.0/,"RSA - California Botanic Garden Herbarium (RSA-VascularPlants)",,"CC BY-NC-SA (Attribution-NonCommercial-ShareAlike)",,,,,urn:uuid:c4dedab3-63d7-4a11-bcac-115b9b039987,"2019-04-19 11:35:04",https://cch2.org/portal/collections/individual/index.php?occid=999631,en
791824,https://api.idigbio.org/v2/media/ca72e3f4d03acc1cf7003520127ab969,https://api.idigbio.org/v2/media/ca72e3f4d03acc1cf7003520127ab969,https://api.idigbio.org/v2/media/ca72e3f4d03acc1cf7003520127ab969?size=thumbnail,https://api.idigbio.org/v2/media/ca72e3f4d03acc1cf7003520127ab969?size=webview,image/jpeg,StillImage,Photograph,http://creativecommons.org/licenses/by-nc/4.0/,"RSA - California Botanic Garden Herbarium (RSA-VascularPlants)",,"CC BY-NC-SA (Attribution-NonCommercial-ShareAlike)",,,,,urn:uuid:123f8cde-b5f2-4683-aa61-add62ba9bb34,"2019-04-19 11:35:04",https://cch2.org/portal/collections/individual/index.php?occid=791824,en
987127,https://api.idigbio.org/v2/media/d5cd1fc7c005082a54e019b03597eb01,https://api.idigbio.org/v2/media/d5cd1fc7c005082a54e019b03597eb01,https://api.idigbio.org/v2/media/d5cd1fc7c005082a54e019b03597eb01?size=thumbnail,https://api.idigbio.org/v2/media/d5cd1fc7c005082a54e019b03597eb01?size=webview,image/jpeg,StillImage,Photograph,http://creativecommons.org/licenses/by-nc/4.0/,"RSA - California Botanic Garden Herbarium (RSA-VascularPlants)",,"CC BY-NC-SA (Attribution-NonCommercial-ShareAlike)",,,,,urn:uuid:fea966a0-16ac-4ccb-bbde-b8fe5d2cd8a6,"2019-04-22 11:03:29",https://cch2.org/portal/collections/individual/index.php?occid=987127,en
1088394,https://api.idigbio.org/v2/media/599e99ba4a82248ea1d6e74ead646180,https://api.idigbio.org/v2/media/599e99ba4a82248ea1d6e74ead646180,https://api.idigbio.org/v2/media/599e99ba4a82248ea1d6e74ead646180?size=thumbnail,https://api.idigbio.org/v2/media/599e99ba4a82248ea1d6e74ead646180?size=webview,image/jpeg,StillImage,Photograph,http://creativecommons.org/licenses/by-nc/4.0/,"RSA - California Botanic Garden Herbarium (RSA-VascularPlants)",,"CC BY-NC-SA (Attribution-NonCommercial-ShareAlike)",,,,,urn:uuid:3bbcb8fa-a410-4085-aaa0-318a39b3f9d2,"2019-04-22 11:03:30",https://cch2.org/portal/collections/individual/index.php?occid=1088394,en
720729,https://api.idigbio.org/v2/media/b378d9e21e63b9a864514bbe800781f7,https://api.idigbio.org/v2/media/b378d9e21e63b9a864514bbe800781f7,https://api.idigbio.org/v2/media/b378d9e21e63b9a864514bbe800781f7?size=thumbnail,https://api.idigbio.org/v2/media/b378d9e21e63b9a864514bbe800781f7?size=webview,image/jpeg,StillImage,Photograph,http://creativecommons.org/licenses/by-nc/4.0/,"RSA - California Botanic Garden Herbarium (RSA-VascularPlants)",,"CC BY-NC-SA (Attribution-NonCommercial-ShareAlike)",,,,,urn:uuid:ba79ff48-16e6-4b59-9c30-2c8a0704bdea,"2019-04-22 11:03:32",https://cch2.org/portal/collections/individual/index.php?occid=720729,en
1016133,https://api.idigbio.org/v2/media/decfcfc25fbe17dcca09ef32359a9014,https://api.idigbio.org/v2/media/decfcfc25fbe17dcca09ef32359a9014,https://api.idigbio.org/v2/media/decfcfc25fbe17dcca09ef32359a9014?size=thumbnail,https://api.idigbio.org/v2/media/decfcfc25fbe17dcca09ef32359a9014?size=webview,image/jpeg,StillImage,Photograph,http://creativecommons.org/licenses/by-nc/4.0/,"RSA - California Botanic Garden Herbarium (RSA-VascularPlants)",,"CC BY-NC-SA (Attribution-NonCommercial-ShareAlike)",,,,,urn:uuid:f0e2fc9e-8c19-4d1f-ad9d-2aa1827385c8,"2019-04-22 11:03:33",https://cch2.org/portal/collections/individual/index.php?occid=1016133,en
734341,https://api.idigbio.org/v2/media/b6d0d05484dadd4baf31f3deed5e12fa,https://api.idigbio.org/v2/media/b6d0d05484dadd4baf31f3deed5e12fa,https://api.idigbio.org/v2/media/b6d0d05484dadd4baf31f3deed5e12fa?size=thumbnail,https://api.idigbio.org/v2/media/b6d0d05484dadd4baf31f3deed5e12fa?size=webview,image/jpeg,StillImage,Photograph,http://creativecommons.org/licenses/by-nc/4.0/,"RSA - California Botanic Garden Herbarium (RSA-VascularPlants)",,"CC BY-NC-SA (Attribution-NonCommercial-ShareAlike)",,,,,urn:uuid:37558f67-1767-44b1-977a-7b70a0493268,"2019-04-24 15:24:52",https://cch2.org/portal/collections/individual/index.php?occid=734341,en
3152355,https://webapps.cspace.berkeley.edu/ucjeps/imageserver/blobs/c9fc928c-0fbd-458c-94f6/derivatives/OriginalJpeg/content,https://webapps.cspace.berkeley.edu/ucjeps/imageserver/blobs/c9fc928c-0fbd-458c-94f6/derivatives/OriginalJpeg/content,https://cch2.org/imglib/cch2/UCJEPS_VASC/UC1731/content_1688588810_tn.jpg,https://webapps.cspace.berkeley.edu/ucjeps/imageserver/blobs/c9fc928c-0fbd-458c-94f6/derivatives/Medium/content,image/jpeg,StillImage,Photograph,http://creativecommons.org/licenses/by-nc/4.0/,"UCJEPS - University and Jepson Herbaria, University of California, Berkeley (UCJEPS-VASC)",,"CC BY-NC-SA (Attribution-NonCommercial-ShareAlike)",,,,,urn:uuid:72e38c3b-fc5e-4318-a5f5-3558edb47cc1,"2019-06-10 16:29:11",https://cch2.org/portal/collections/individual/index.php?occid=3152355,en
3152652,https://webapps.cspace.berkeley.edu/ucjeps/imageserver/blobs/8cc17c41-bd5f-4c0c-97ac/derivatives/OriginalJpeg/content,https://webapps.cspace.berkeley.edu/ucjeps/imageserver/blobs/8cc17c41-bd5f-4c0c-97ac/derivatives/OriginalJpeg/content,https://cch2.org/imglib/cch2/UCJEPS_VASC/UC31/content_1692908783_tn.jpg,https://webapps.cspace.berkeley.edu/ucjeps/imageserver/blobs/8cc17c41-bd5f-4c0c-97ac/derivatives/Medium/content,image/jpeg,StillImage,Photograph,http://creativecommons.org/licenses/by-nc/4.0/,"UCJEPS - University and Jepson Herbaria, University of California, Berkeley (UCJEPS-VASC)",,"CC BY-NC-SA (Attribution-NonCommercial-ShareAlike)",,,,,urn:uuid:50cf3ab5-6aa8-48b1-a107-221db061b380,"2019-06-10 16:29:16",https://cch2.org/portal/collections/individual/index.php?occid=3152652,en
3149099,https://webapps.cspace.berkeley.edu/ucjeps/imageserver/blobs/f89e80a4-adec-4283-a651/derivatives/OriginalJpeg/content,https://webapps.cspace.berkeley.edu/ucjeps/imageserver/blobs/f89e80a4-adec-4283-a651/derivatives/OriginalJpeg/content,https://cch2.org/imglib/cch2/UCJEPS_VASC/UC31/content_1688691516_tn.jpg,https://webapps.cspace.berkeley.edu/ucjeps/imageserver/blobs/f89e80a4-adec-4283-a651/derivatives/Medium/content,image/jpeg,StillImage,Photograph,http://creativecommons.org/licenses/by-nc/4.0/,"UCJEPS - University and Jepson Herbaria, University of California, Berkeley (UCJEPS-VASC)",,"CC BY-NC-SA (Attribution-NonCommercial-ShareAlike)",,,,,urn:uuid:5dfd208f-095d-4ef1-af08-8de2b724632a,"2019-06-10 16:29:16",https://cch2.org/portal/collections/individual/index.php?occid=3149099,en
3398314,https://webapps.cspace.berkeley.edu/ucjeps/imageserver/blobs/62206fec-b5d2-49c0-bf64/derivatives/OriginalJpeg/content,https://webapps.cspace.berkeley.edu/ucjeps/imageserver/blobs/62206fec-b5d2-49c0-bf64/derivatives/OriginalJpeg/content,https://cch2.org/imglib/cch2/UCJEPS_VASC/JEPS2/content_1693437700_tn.jpg,https://webapps.cspace.berkeley.edu/ucjeps/imageserver/blobs/62206fec-b5d2-49c0-bf64/derivatives/Medium/content,image/jpeg,StillImage,Photograph,http://creativecommons.org/licenses/by-nc/4.0/,"UCJEPS - University and Jepson Herbaria, University of California, Berkeley (UCJEPS-VASC)",,"CC BY-NC-SA (Attribution-NonCommercial-ShareAlike)",,,,,urn:uuid:968e9c26-250a-4413-9e32-7aa67777ae71,"2019-06-10 16:29:43",https://cch2.org/portal/collections/individual/index.php?occid=3398314,en
3569293,https://webapps.cspace.berkeley.edu/ucjeps/imageserver/blobs/536a5365-9a50-42af-b3fd/derivatives/OriginalJpeg/content,https://webapps.cspace.berkeley.edu/ucjeps/imageserver/blobs/536a5365-9a50-42af-b3fd/derivatives/OriginalJpeg/content,https://cch2.org/imglib/cch2/UCJEPS_VASC/JEPS2/content_1687586629_tn.jpg,https://webapps.cspace.berkeley.edu/ucjeps/imageserver/blobs/536a5365-9a50-42af-b3fd/derivatives/Medium/content,image/jpeg,StillImage,Photograph,http://creativecommons.org/licenses/by-nc/4.0/,"UCJEPS - University and Jepson Herbaria, University of California, Berkeley (UCJEPS-VASC)",,"CC BY-NC-SA (Attribution-NonCommercial-ShareAlike)",,,,,urn:uuid:6a3089fa-14cb-41b6-b62e-aa9177656c92,"2019-06-10 16:29:43",https://cch2.org/portal/collections/individual/index.php?occid=3569293,en
3472020,https://webapps.cspace.berkeley.edu/ucjeps/imageserver/blobs/dc1fc4b9-005b-45a7-93af/derivatives/OriginalJpeg/content,https://webapps.cspace.berkeley.edu/ucjeps/imageserver/blobs/dc1fc4b9-005b-45a7-93af/derivatives/OriginalJpeg/content,https://cch2.org/imglib/cch2/UCJEPS_VASC/JEPS2/content_1689105244_tn.jpg,https://webapps.cspace.berkeley.edu/ucjeps/imageserver/blobs/dc1fc4b9-005b-45a7-93af/derivatives/Medium/content,image/jpeg,StillImage,Photograph,http://creativecommons.org/licenses/by-nc/4.0/,"UCJEPS - University and Jepson Herbaria, University of California, Berkeley (UCJEPS-VASC)",,"CC BY-NC-SA (Attribution-NonCommercial-ShareAlike)",,,,,urn:uuid:adf50eb3-8f82-46e7-9016-89cbecb04e05,"2019-06-10 16:29:43",https://cch2.org/portal/collections/individual/index.php?occid=3472020,en
3569280,https://webapps.cspace.berkeley.edu/ucjeps/imageserver/blobs/bfa28251-a288-4b74-8b89/derivatives/OriginalJpeg/content,https://webapps.cspace.berkeley.edu/ucjeps/imageserver/blobs/bfa28251-a288-4b74-8b89/derivatives/OriginalJpeg/content,,https://webapps.cspace.berkeley.edu/ucjeps/imageserver/blobs/bfa28251-a288-4b74-8b89/derivatives/Medium/content,image/jpeg,StillImage,Photograph,http://creativecommons.org/licenses/by-nc/4.0/,"UCJEPS - University and Jepson Herbaria, University of California, Berkeley (UCJEPS-VASC)",,"CC BY-NC-SA (Attribution-NonCommercial-ShareAlike)",,,,,urn:uuid:3be844de-a36c-44e2-ad31-23ea49b1e928,"2019-06-10 16:29:43",https://cch2.org/portal/collections/individual/index.php?occid=3569280,en
3532448,https://webapps.cspace.berkeley.edu/ucjeps/imageserver/blobs/2dd8b6f3-3163-443c-bacf/derivatives/OriginalJpeg/content,https://webapps.cspace.berkeley.edu/ucjeps/imageserver/blobs/2dd8b6f3-3163-443c-bacf/derivatives/OriginalJpeg/content,https://cch2.org/imglib/cch2/UCJEPS_VASC/JEPS2/content_1693255874_tn.jpg,https://webapps.cspace.berkeley.edu/ucjeps/imageserver/blobs/2dd8b6f3-3163-443c-bacf/derivatives/Medium/content,image/jpeg,StillImage,Photograph,http://creativecommons.org/licenses/by-nc/4.0/,"UCJEPS - University and Jepson Herbaria, University of California, Berkeley (UCJEPS-VASC)",,"CC BY-NC-SA (Attribution-NonCommercial-ShareAlike)",,,,,urn:uuid:3492a51a-8e30-4e57-a38c-e5a7bbc155cf,"2019-06-10 16:29:44",https://cch2.org/portal/collections/individual/index.php?occid=3532448,en
3544859,https://webapps.cspace.berkeley.edu/ucjeps/imageserver/blobs/ddf4651b-9a88-42ff-b21f/derivatives/OriginalJpeg/content,https://webapps.cspace.berkeley.edu/ucjeps/imageserver/blobs/ddf4651b-9a88-42ff-b21f/derivatives/OriginalJpeg/content,,https://webapps.cspace.berkeley.edu/ucjeps/imageserver/blobs/ddf4651b-9a88-42ff-b21f/derivatives/Medium/content,image/jpeg,StillImage,Photograph,http://creativecommons.org/licenses/by-nc/4.0/,"UCJEPS - University and Jepson Herbaria, University of California, Berkeley (UCJEPS-VASC)",,"CC BY-NC-SA (Attribution-NonCommercial-ShareAlike)",,,,,urn:uuid:5f6c6338-420e-472b-948a-9b9e1a695552,"2019-06-10 16:29:44",https://cch2.org/portal/collections/individual/index.php?occid=3544859,en
3373974,https://webapps.cspace.berkeley.edu/ucjeps/imageserver/blobs/51818ad1-db01-48f0-811d/derivatives/OriginalJpeg/content,https://webapps.cspace.berkeley.edu/ucjeps/imageserver/blobs/51818ad1-db01-48f0-811d/derivatives/OriginalJpeg/content,https://cch2.org/imglib/cch2/UCJEPS_VASC/JEPS2/content_1692911965_tn.jpg,https://webapps.cspace.berkeley.edu/ucjeps/imageserver/blobs/51818ad1-db01-48f0-811d/derivatives/Medium/content,image/jpeg,StillImage,Photograph,http://creativecommons.org/licenses/by-nc/4.0/,"UCJEPS - University and Jepson Herbaria, University of California, Berkeley (UCJEPS-VASC)",,"CC BY-NC-SA (Attribution-NonCommercial-ShareAlike)",,,,,urn:uuid:acf134fd-f091-42ec-817e-eae5e84192d2,"2019-06-10 16:29:44",https://cch2.org/portal/collections/individual/index.php?occid=3373974,en
3215477,https://webapps.cspace.berkeley.edu/ucjeps/imageserver/blobs/cd60287b-d341-4af8-85ad/derivatives/OriginalJpeg/content,https://webapps.cspace.berkeley.edu/ucjeps/imageserver/blobs/cd60287b-d341-4af8-85ad/derivatives/OriginalJpeg/content,https://cch2.org/imglib/cch2/UCJEPS_VASC/JEPS32/content_1693252754_tn.jpg,https://webapps.cspace.berkeley.edu/ucjeps/imageserver/blobs/cd60287b-d341-4af8-85ad/derivatives/Medium/content,image/jpeg,StillImage,Photograph,http://creativecommons.org/licenses/by-nc/4.0/,"UCJEPS - University and Jepson Herbaria, University of California, Berkeley (UCJEPS-VASC)",,"CC BY-NC-SA (Attribution-NonCommercial-ShareAlike)",,,,,urn:uuid:f401b498-6f09-4e63-b380-970592ff5bcd,"2019-06-10 16:29:44",https://cch2.org/portal/collections/individual/index.php?occid=3215477,en
3400239,https://webapps.cspace.berkeley.edu/ucjeps/imageserver/blobs/79888953-a4d1-4934-93a6/derivatives/OriginalJpeg/content,https://webapps.cspace.berkeley.edu/ucjeps/imageserver/blobs/79888953-a4d1-4934-93a6/derivatives/OriginalJpeg/content,https://cch2.org/imglib/cch2/UCJEPS_VASC/JEPS44/content_1688679696_tn.jpg,https://webapps.cspace.berkeley.edu/ucjeps/imageserver/blobs/79888953-a4d1-4934-93a6/derivatives/Medium/content,image/jpeg,StillImage,Photograph,http://creativecommons.org/licenses/by-nc/4.0/,"UCJEPS - University and Jepson Herbaria, University of California, Berkeley (UCJEPS-VASC)",,"CC BY-NC-SA (Attribution-NonCommercial-ShareAlike)",,,,,urn:uuid:2a8b9d45-974d-431d-b522-c2cd0a596496,"2019-06-10 16:29:44",https://cch2.org/portal/collections/individual/index.php?occid=3400239,en
3313299,https://webapps.cspace.berkeley.edu/ucjeps/imageserver/blobs/8535c96f-57cc-4959-9572/derivatives/OriginalJpeg/content,https://webapps.cspace.berkeley.edu/ucjeps/imageserver/blobs/8535c96f-57cc-4959-9572/derivatives/OriginalJpeg/content,https://cch2.org/imglib/cch2/UCJEPS_VASC/JEPS53/content_1693586903_tn.jpg,https://webapps.cspace.berkeley.edu/ucjeps/imageserver/blobs/8535c96f-57cc-4959-9572/derivatives/Medium/content,image/jpeg,StillImage,Photograph,http://creativecommons.org/licenses/by-nc/4.0/,"UCJEPS - University and Jepson Herbaria, University of California, Berkeley (UCJEPS-VASC)",,"CC BY-NC-SA (Attribution-NonCommercial-ShareAlike)",,,,,urn:uuid:f95f3c9f-ad2b-49a6-9491-68e96459141f,"2019-06-10 16:29:44",https://cch2.org/portal/collections/individual/index.php?occid=3313299,en
3402929,https://webapps.cspace.berkeley.edu/ucjeps/imageserver/blobs/3763d5e0-239d-448e-b6fa/derivatives/OriginalJpeg/content,https://webapps.cspace.berkeley.edu/ucjeps/imageserver/blobs/3763d5e0-239d-448e-b6fa/derivatives/OriginalJpeg/content,https://cch2.org/imglib/cch2/UCJEPS_VASC/UC101/content_1692980481_tn.jpg,https://webapps.cspace.berkeley.edu/ucjeps/imageserver/blobs/3763d5e0-239d-448e-b6fa/derivatives/Medium/content,image/jpeg,StillImage,Photograph,http://creativecommons.org/licenses/by-nc/4.0/,"UCJEPS - University and Jepson Herbaria, University of California, Berkeley (UCJEPS-VASC)",,"CC BY-NC-SA (Attribution-NonCommercial-ShareAlike)",,,,,urn:uuid:149ad751-5aed-42b1-802a-103136f1d0d1,"2019-06-10 16:29:46",https://cch2.org/portal/collections/individual/index.php?occid=3402929,en
3355113,https://webapps.cspace.berkeley.edu/ucjeps/imageserver/blobs/079f3f5c-15d4-4610-8e3f/derivatives/OriginalJpeg/content,https://webapps.cspace.berkeley.edu/ucjeps/imageserver/blobs/079f3f5c-15d4-4610-8e3f/derivatives/OriginalJpeg/content,https://cch2.org/imglib/cch2/UCJEPS_VASC/UC114/content_1693592542_tn.jpg,https://webapps.cspace.berkeley.edu/ucjeps/imageserver/blobs/079f3f5c-15d4-4610-8e3f/derivatives/Medium/content,image/jpeg,StillImage,Photograph,http://creativecommons.org/licenses/by-nc/4.0/,"UCJEPS - University and Jepson Herbaria, University of California, Berkeley (UCJEPS-VASC)",,"CC BY-NC-SA (Attribution-NonCommercial-ShareAlike)",,,,,urn:uuid:b4a86205-cd06-46d9-a239-e0ddd1f78bad,"2019-06-10 16:29:55",https://cch2.org/portal/collections/individual/index.php?occid=3355113,en
3466917,https://webapps.cspace.berkeley.edu/ucjeps/imageserver/blobs/5b9bf324-c7c5-42cd-9790/derivatives/OriginalJpeg/content,https://webapps.cspace.berkeley.edu/ucjeps/imageserver/blobs/5b9bf324-c7c5-42cd-9790/derivatives/OriginalJpeg/content,https://cch2.org/imglib/cch2/UCJEPS_VASC/UC1719/content_1687821867_tn.jpg,https://webapps.cspace.berkeley.edu/ucjeps/imageserver/blobs/5b9bf324-c7c5-42cd-9790/derivatives/Medium/content,image/jpeg,StillImage,Photograph,http://creativecommons.org/licenses/by-nc/4.0/,"UCJEPS - University and Jepson Herbaria, University of California, Berkeley (UCJEPS-VASC)",,"CC BY-NC-SA (Attribution-NonCommercial-ShareAlike)",,,,,urn:uuid:cb47c4c8-3920-4923-a7f9-19af2f0af306,"2019-06-10 16:30:22",https://cch2.org/portal/collections/individual/index.php?occid=3466917,en
3234797,https://webapps.cspace.berkeley.edu/ucjeps/imageserver/blobs/70babbf5-0088-4fd6-9793/derivatives/OriginalJpeg/content,https://webapps.cspace.berkeley.edu/ucjeps/imageserver/blobs/70babbf5-0088-4fd6-9793/derivatives/OriginalJpeg/content,https://cch2.org/imglib/cch2/UCJEPS_VASC/UC1731/content_1693443648_tn.jpg,https://webapps.cspace.berkeley.edu/ucjeps/imageserver/blobs/70babbf5-0088-4fd6-9793/derivatives/Medium/content,image/jpeg,StillImage,Photograph,http://creativecommons.org/licenses/by-nc/4.0/,"UCJEPS - University and Jepson Herbaria, University of California, Berkeley (UCJEPS-VASC)",,"CC BY-NC-SA (Attribution-NonCommercial-ShareAlike)",,,,,urn:uuid:9059ab84-278f-40da-a513-9a5f8764e0bf,"2019-06-10 16:30:22",https://cch2.org/portal/collections/individual/index.php?occid=3234797,en
3418106,https://webapps.cspace.berkeley.edu/ucjeps/imageserver/blobs/9176a197-d140-42e0-b432/derivatives/OriginalJpeg/content,https://webapps.cspace.berkeley.edu/ucjeps/imageserver/blobs/9176a197-d140-42e0-b432/derivatives/OriginalJpeg/content,,https://webapps.cspace.berkeley.edu/ucjeps/imageserver/blobs/9176a197-d140-42e0-b432/derivatives/Medium/content,image/jpeg,StillImage,Photograph,http://creativecommons.org/licenses/by-nc/4.0/,"UCJEPS - University and Jepson Herbaria, University of California, Berkeley (UCJEPS-VASC)",,"CC BY-NC-SA (Attribution-NonCommercial-ShareAlike)",,,,,urn:uuid:51f73ed8-f537-4534-bf61-990c963f290d,"2019-06-10 16:30:24",https://cch2.org/portal/collections/individual/index.php?occid=3418106,en
3198450,https://webapps.cspace.berkeley.edu/ucjeps/imageserver/blobs/42a4abc2-e446-4ab6-8e5e/derivatives/OriginalJpeg/content,https://webapps.cspace.berkeley.edu/ucjeps/imageserver/blobs/42a4abc2-e446-4ab6-8e5e/derivatives/OriginalJpeg/content,https://cch2.org/imglib/cch2/UCJEPS_VASC/UC1936/content_1687591619_tn.jpg,https://webapps.cspace.berkeley.edu/ucjeps/imageserver/blobs/42a4abc2-e446-4ab6-8e5e/derivatives/Medium/content,image/jpeg,StillImage,Photograph,http://creativecommons.org/licenses/by-nc/4.0/,"UCJEPS - University and Jepson Herbaria, University of California, Berkeley (UCJEPS-VASC)",,"CC BY-NC-SA (Attribution-NonCommercial-ShareAlike)",,,,,urn:uuid:31b36425-804c-4caa-b4cb-b24ba4aa445f,"2019-06-10 16:30:25",https://cch2.org/portal/collections/individual/index.php?occid=3198450,en
3203520,https://webapps.cspace.berkeley.edu/ucjeps/imageserver/blobs/8d70fbbd-3641-4788-afe4/derivatives/OriginalJpeg/content,https://webapps.cspace.berkeley.edu/ucjeps/imageserver/blobs/8d70fbbd-3641-4788-afe4/derivatives/OriginalJpeg/content,,https://webapps.cspace.berkeley.edu/ucjeps/imageserver/blobs/8d70fbbd-3641-4788-afe4/derivatives/Medium/content,image/jpeg,StillImage,Photograph,http://creativecommons.org/licenses/by-nc/4.0/,"UCJEPS - University and Jepson Herbaria, University of California, Berkeley (UCJEPS-VASC)",,"CC BY-NC-SA (Attribution-NonCommercial-ShareAlike)",,,,,urn:uuid:2c8329d9-3d05-4bc8-aae2-46e4dc2c7fe8,"2019-06-10 16:30:26",https://cch2.org/portal/collections/individual/index.php?occid=3203520,en
3296731,https://webapps.cspace.berkeley.edu/ucjeps/imageserver/blobs/6ca7a42b-bd13-4229-846e/derivatives/OriginalJpeg/content,https://webapps.cspace.berkeley.edu/ucjeps/imageserver/blobs/6ca7a42b-bd13-4229-846e/derivatives/OriginalJpeg/content,,https://webapps.cspace.berkeley.edu/ucjeps/imageserver/blobs/6ca7a42b-bd13-4229-846e/derivatives/Medium/content,image/jpeg,StillImage,Photograph,http://creativecommons.org/licenses/by-nc/4.0/,"UCJEPS - University and Jepson Herbaria, University of California, Berkeley (UCJEPS-VASC)",,"CC BY-NC-SA (Attribution-NonCommercial-ShareAlike)",,,,,urn:uuid:1d6593f9-d145-480a-95ef-23b2f4499693,"2019-06-10 16:30:31",https://cch2.org/portal/collections/individual/index.php?occid=3296731,en
3374380,https://webapps.cspace.berkeley.edu/ucjeps/imageserver/blobs/608a883d-34b1-4192-ad3d/derivatives/OriginalJpeg/content,https://webapps.cspace.berkeley.edu/ucjeps/imageserver/blobs/608a883d-34b1-4192-ad3d/derivatives/OriginalJpeg/content,https://cch2.org/imglib/cch2/UCJEPS_VASC/UC313/content_1687826519_tn.jpg,https://webapps.cspace.berkeley.edu/ucjeps/imageserver/blobs/608a883d-34b1-4192-ad3d/derivatives/Medium/content,image/jpeg,StillImage,Photograph,http://creativecommons.org/licenses/by-nc/4.0/,"UCJEPS - University and Jepson Herbaria, University of California, Berkeley (UCJEPS-VASC)",,"CC BY-NC-SA (Attribution-NonCommercial-ShareAlike)",,,,,urn:uuid:22c6c06b-5970-4754-945b-fdaba21b2bd8,"2019-06-10 16:30:31",https://cch2.org/portal/collections/individual/index.php?occid=3374380,en
3350124,https://webapps.cspace.berkeley.edu/ucjeps/imageserver/blobs/6febf5b5-9c85-4677-a541/derivatives/OriginalJpeg/content,https://webapps.cspace.berkeley.edu/ucjeps/imageserver/blobs/6febf5b5-9c85-4677-a541/derivatives/OriginalJpeg/content,https://cch2.org/imglib/cch2/UCJEPS_VASC/UC38/content_1687593964_tn.jpg,https://webapps.cspace.berkeley.edu/ucjeps/imageserver/blobs/6febf5b5-9c85-4677-a541/derivatives/Medium/content,image/jpeg,StillImage,Photograph,http://creativecommons.org/licenses/by-nc/4.0/,"UCJEPS - University and Jepson Herbaria, University of California, Berkeley (UCJEPS-VASC)",,"CC BY-NC-SA (Attribution-NonCommercial-ShareAlike)",,,,,urn:uuid:471166a4-daf1-4719-a549-ff635dfca9c2,"2019-06-10 16:30:32",https://cch2.org/portal/collections/individual/index.php?occid=3350124,en
3313077,https://webapps.cspace.berkeley.edu/ucjeps/imageserver/blobs/4463af3a-3a1e-42f1-ad60/derivatives/OriginalJpeg/content,https://webapps.cspace.berkeley.edu/ucjeps/imageserver/blobs/4463af3a-3a1e-42f1-ad60/derivatives/OriginalJpeg/content,https://cch2.org/imglib/cch2/UCJEPS_VASC/UC415/content_1687811676_tn.jpg,https://webapps.cspace.berkeley.edu/ucjeps/imageserver/blobs/4463af3a-3a1e-42f1-ad60/derivatives/Medium/content,image/jpeg,StillImage,Photograph,http://creativecommons.org/licenses/by-nc/4.0/,"UCJEPS - University and Jepson Herbaria, University of California, Berkeley (UCJEPS-VASC)",,"CC BY-NC-SA (Attribution-NonCommercial-ShareAlike)",,,,,urn:uuid:ce5aab6f-93be-4ad5-bc22-7db712d20299,"2019-06-10 16:30:33",https://cch2.org/portal/collections/individual/index.php?occid=3313077,en
3443881,https://webapps.cspace.berkeley.edu/ucjeps/imageserver/blobs/6e42c055-7585-4294-96ca/derivatives/OriginalJpeg/content,https://webapps.cspace.berkeley.edu/ucjeps/imageserver/blobs/6e42c055-7585-4294-96ca/derivatives/OriginalJpeg/content,https://cch2.org/imglib/cch2/UCJEPS_VASC/UC559/content_1688683180_tn.jpg,https://webapps.cspace.berkeley.edu/ucjeps/imageserver/blobs/6e42c055-7585-4294-96ca/derivatives/Medium/content,image/jpeg,StillImage,Photograph,http://creativecommons.org/licenses/by-nc/4.0/,"UCJEPS - University and Jepson Herbaria, University of California, Berkeley (UCJEPS-VASC)",,"CC BY-NC-SA (Attribution-NonCommercial-ShareAlike)",,,,,urn:uuid:d1305ba6-ec32-477f-a11a-0f5a316e3876,"2019-06-10 16:30:36",https://cch2.org/portal/collections/individual/index.php?occid=3443881,en
3200619,https://webapps.cspace.berkeley.edu/ucjeps/imageserver/blobs/274daebc-d3df-4fc5-a181/derivatives/OriginalJpeg/content,https://webapps.cspace.berkeley.edu/ucjeps/imageserver/blobs/274daebc-d3df-4fc5-a181/derivatives/OriginalJpeg/content,https://cch2.org/imglib/cch2/UCJEPS_VASC/UC694/content_1692389699_tn.jpg,https://webapps.cspace.berkeley.edu/ucjeps/imageserver/blobs/274daebc-d3df-4fc5-a181/derivatives/Medium/content,image/jpeg,StillImage,Photograph,http://creativecommons.org/licenses/by-nc/4.0/,"UCJEPS - University and Jepson Herbaria, University of California, Berkeley (UCJEPS-VASC)",,"CC BY-NC-SA (Attribution-NonCommercial-ShareAlike)",,,,,urn:uuid:880e23cf-7e63-4b2c-a685-412c2cb9785f,"2019-06-10 16:30:40",https://cch2.org/portal/collections/individual/index.php?occid=3200619,en
3517822,https://webapps.cspace.berkeley.edu/ucjeps/imageserver/blobs/3092fd0c-6fb0-4b23-bd69/derivatives/OriginalJpeg/content,https://webapps.cspace.berkeley.edu/ucjeps/imageserver/blobs/3092fd0c-6fb0-4b23-bd69/derivatives/OriginalJpeg/content,https://cch2.org/imglib/cch2/UCJEPS_VASC/UC694/content_1693547696_tn.jpg,https://webapps.cspace.berkeley.edu/ucjeps/imageserver/blobs/3092fd0c-6fb0-4b23-bd69/derivatives/Medium/content,image/jpeg,StillImage,Photograph,http://creativecommons.org/licenses/by-nc/4.0/,"UCJEPS - University and Jepson Herbaria, University of California, Berkeley (UCJEPS-VASC)",,"CC BY-NC-SA (Attribution-NonCommercial-ShareAlike)",,,,,urn:uuid:db736cdd-5fb9-4804-95f0-4c6f496200c5,"2019-06-10 16:30:40",https://cch2.org/portal/collections/individual/index.php?occid=3517822,en
3460212,https://webapps.cspace.berkeley.edu/ucjeps/imageserver/blobs/1bf394a1-1d51-45e8-be08/derivatives/OriginalJpeg/content,https://webapps.cspace.berkeley.edu/ucjeps/imageserver/blobs/1bf394a1-1d51-45e8-be08/derivatives/OriginalJpeg/content,https://cch2.org/imglib/cch2/UCJEPS_VASC/UC700/content_1689365129_tn.jpg,https://webapps.cspace.berkeley.edu/ucjeps/imageserver/blobs/1bf394a1-1d51-45e8-be08/derivatives/Medium/content,image/jpeg,StillImage,Photograph,http://creativecommons.org/licenses/by-nc/4.0/,"UCJEPS - University and Jepson Herbaria, University of California, Berkeley (UCJEPS-VASC)",,"CC BY-NC-SA (Attribution-NonCommercial-ShareAlike)",,,,,urn:uuid:d37f7de8-dfb4-471c-8171-61f691e7200d,"2019-06-10 16:30:40",https://cch2.org/portal/collections/individual/index.php?occid=3460212,en
3445035,https://webapps.cspace.berkeley.edu/ucjeps/imageserver/blobs/d0d881f4-9466-4fea-acc1/derivatives/OriginalJpeg/content,https://webapps.cspace.berkeley.edu/ucjeps/imageserver/blobs/d0d881f4-9466-4fea-acc1/derivatives/OriginalJpeg/content,https://cch2.org/imglib/cch2/UCJEPS_VASC/UC727/content_1693686172_tn.jpg,https://webapps.cspace.berkeley.edu/ucjeps/imageserver/blobs/d0d881f4-9466-4fea-acc1/derivatives/Medium/content,image/jpeg,StillImage,Photograph,http://creativecommons.org/licenses/by-nc/4.0/,"UCJEPS - University and Jepson Herbaria, University of California, Berkeley (UCJEPS-VASC)",,"CC BY-NC-SA (Attribution-NonCommercial-ShareAlike)",,,,,urn:uuid:39da9c5d-5da2-45c2-a7d0-c0298996d258,"2019-06-10 16:30:42",https://cch2.org/portal/collections/individual/index.php?occid=3445035,en
3530326,https://webapps.cspace.berkeley.edu/ucjeps/imageserver/blobs/a6befc12-c9f1-4098-83e2/derivatives/OriginalJpeg/content,https://webapps.cspace.berkeley.edu/ucjeps/imageserver/blobs/a6befc12-c9f1-4098-83e2/derivatives/OriginalJpeg/content,https://cch2.org/imglib/cch2/UCJEPS_VASC/UC736/content_1692990855_tn.jpg,https://webapps.cspace.berkeley.edu/ucjeps/imageserver/blobs/a6befc12-c9f1-4098-83e2/derivatives/Medium/content,image/jpeg,StillImage,Photograph,http://creativecommons.org/licenses/by-nc/4.0/,"UCJEPS - University and Jepson Herbaria, University of California, Berkeley (UCJEPS-VASC)",,"CC BY-NC-SA (Attribution-NonCommercial-ShareAlike)",,,,,urn:uuid:e9d028f7-f24d-4d2f-8ebe-574a31f48d1a,"2019-06-10 16:30:42",https://cch2.org/portal/collections/individual/index.php?occid=3530326,en
3546030,https://webapps.cspace.berkeley.edu/ucjeps/imageserver/blobs/3263fcfe-0784-4caa-948d/derivatives/OriginalJpeg/content,https://webapps.cspace.berkeley.edu/ucjeps/imageserver/blobs/3263fcfe-0784-4caa-948d/derivatives/OriginalJpeg/content,https://cch2.org/imglib/cch2/UCJEPS_VASC/UC78/content_1668457911_tn.jpg,https://webapps.cspace.berkeley.edu/ucjeps/imageserver/blobs/3263fcfe-0784-4caa-948d/derivatives/Medium/content,image/jpeg,StillImage,Photograph,http://creativecommons.org/licenses/by-nc/4.0/,"UCJEPS - University and Jepson Herbaria, University of California, Berkeley (UCJEPS-VASC)",,"CC BY-NC-SA (Attribution-NonCommercial-ShareAlike)",,,,,urn:uuid:dff0aa64-c912-4d8f-812b-b384816406c5,"2019-06-10 16:30:45",https://cch2.org/portal/collections/individual/index.php?occid=3546030,en
3216077,https://webapps.cspace.berkeley.edu/ucjeps/imageserver/blobs/9586f8e6-6612-4794-b923/derivatives/OriginalJpeg/content,https://webapps.cspace.berkeley.edu/ucjeps/imageserver/blobs/9586f8e6-6612-4794-b923/derivatives/OriginalJpeg/content,https://cch2.org/imglib/cch2/UCJEPS_VASC/UC82/content_1692383373_tn.jpg,https://webapps.cspace.berkeley.edu/ucjeps/imageserver/blobs/9586f8e6-6612-4794-b923/derivatives/Medium/content,image/jpeg,StillImage,Photograph,http://creativecommons.org/licenses/by-nc/4.0/,"UCJEPS - University and Jepson Herbaria, University of California, Berkeley (UCJEPS-VASC)",,"CC BY-NC-SA (Attribution-NonCommercial-ShareAlike)",,,,,urn:uuid:93e7230f-d213-4bfe-9944-d34832d18b29,"2019-06-10 16:30:46",https://cch2.org/portal/collections/individual/index.php?occid=3216077,en
3672416,https://webapps.cspace.berkeley.edu/ucjeps/imageserver/blobs/cf69f410-865b-499d-a04d/derivatives/OriginalJpeg/content,https://webapps.cspace.berkeley.edu/ucjeps/imageserver/blobs/cf69f410-865b-499d-a04d/derivatives/OriginalJpeg/content,https://cch2.org/imglib/cch2/UCJEPS_VASC/JEPS121/content_1692386831_tn.jpg,https://webapps.cspace.berkeley.edu/ucjeps/imageserver/blobs/cf69f410-865b-499d-a04d/derivatives/Medium/content,image/jpeg,StillImage,Photograph,http://creativecommons.org/licenses/by-nc/4.0/,"UCJEPS - University and Jepson Herbaria, University of California, Berkeley (UCJEPS-VASC)",,"CC BY-NC-SA (Attribution-NonCommercial-ShareAlike)",,,,,urn:uuid:5ce9f06d-cef6-4282-94e0-e206122d4b47,"2019-09-03 08:31:52",https://cch2.org/portal/collections/individual/index.php?occid=3672416,en
3680549,https://api.idigbio.org/v2/media/0c62c3a4f98a102ca2e4a4d54cee3c42,https://api.idigbio.org/v2/media/0c62c3a4f98a102ca2e4a4d54cee3c42,https://api.idigbio.org/v2/media/0c62c3a4f98a102ca2e4a4d54cee3c42?size=thumbnail,https://api.idigbio.org/v2/media/0c62c3a4f98a102ca2e4a4d54cee3c42?size=webview,image/jpeg,StillImage,Photograph,http://creativecommons.org/licenses/by-nc/4.0/,"CSLA - Cal State LA Herbarium (CSLA-)",,"CC BY-NC-SA (Attribution-NonCommercial-ShareAlike)",,,,,urn:uuid:0e8a394e-3fb0-4c7b-b959-6acacbefbfdb,"2019-09-10 12:54:59",https://cch2.org/portal/collections/individual/index.php?occid=3680549,en
4207179,https://oregonflora.org/dbimages/OFPimages/OFPImages_big/2017/OSC241649.jpg,https://oregonflora.org/dbimages/OFPimages/OFPImages_big/2017/OSC241649.jpg,https://oregonflora.org:443/imglib/misc/201801/OSC241649_1516996930_tn.jpg,https://oregonflora.org/dbimages/OFPimages/OFPImages_big/2017/OSC241649.jpg,jpg,StillImage,Photograph,http://creativecommons.org/licenses/by-nc/4.0/,"Oregon State University",,"CC BY-NC-SA (Attribution-NonCommercial-ShareAlike)",http://vertnet.org/resources/norms.html,,,,urn:uuid:09af153a-fe52-4954-a9b6-fce85dab99c4,"2020-12-16 15:59:23",https://cch2.org/portal/collections/individual/index.php?occid=4207179,en
4685921,https://sernecportal.org/imglib/storage/reno/plantae/00009/9685_lg.jpg,https://sernecportal.org/imglib/storage/reno/plantae/00009/9685_lg.jpg,https://sernecportal.org/imglib/storage/reno/plantae/00009/9685_tn.jpg,https://sernecportal.org/imglib/storage/reno/plantae/00009/9685.jpg,image/jpeg,StillImage,Photograph,http://creativecommons.org/licenses/by-nc/4.0/,"RENO - University of Nevada, Reno Herbarium (RENO-V)",,"CC BY-NC (Attribution-Non-Commercial)",,,,,urn:uuid:39587599-ff44-459f-9ada-970fb3a5bf00,"2021-09-21 08:27:55",https://cch2.org/portal/collections/individual/index.php?occid=4685921,en
3249797,https://webapps.cspace.berkeley.edu/ucjeps/imageserver/blobs/15db60d1-52ec-448b-b8fc/derivatives/OriginalJpeg/content,https://webapps.cspace.berkeley.edu/ucjeps/imageserver/blobs/15db60d1-52ec-448b-b8fc/derivatives/OriginalJpeg/content,,https://webapps.cspace.berkeley.edu/ucjeps/imageserver/blobs/15db60d1-52ec-448b-b8fc/derivatives/Medium/content,image/jpeg,StillImage,Photograph,http://creativecommons.org/licenses/by-nc/4.0/,"UCJEPS - University and Jepson Herbaria, University of California, Berkeley (UCJEPS-VASC)",,"CC BY-NC-SA (Attribution-NonCommercial-ShareAlike)",,,,,urn:uuid:2c8a7d9f-ad07-4709-b50e-ae888a672843,"2021-10-11 17:34:37",https://cch2.org/portal/collections/individual/index.php?occid=3249797,en
3252618,https://webapps.cspace.berkeley.edu/ucjeps/imageserver/blobs/5bbe767e-4c28-4766-856a/derivatives/OriginalJpeg/content,https://webapps.cspace.berkeley.edu/ucjeps/imageserver/blobs/5bbe767e-4c28-4766-856a/derivatives/OriginalJpeg/content,https://cch2.org/imglib/cch2/UCJEPS_VASC/UC727/content_1692201355_tn.jpg,https://webapps.cspace.berkeley.edu/ucjeps/imageserver/blobs/5bbe767e-4c28-4766-856a/derivatives/Medium/content,image/jpeg,StillImage,Photograph,http://creativecommons.org/licenses/by-nc/4.0/,"UCJEPS - University and Jepson Herbaria, University of California, Berkeley (UCJEPS-VASC)",,"CC BY-NC-SA (Attribution-NonCommercial-ShareAlike)",,,,,urn:uuid:35420a44-2e83-4fe1-ac1a-71d767245628,"2021-10-11 17:34:37",https://cch2.org/portal/collections/individual/index.php?occid=3252618,en
3472637,https://webapps.cspace.berkeley.edu/ucjeps/imageserver/blobs/6ee4b147-b3b4-4eaa-852a/derivatives/OriginalJpeg/content,https://webapps.cspace.berkeley.edu/ucjeps/imageserver/blobs/6ee4b147-b3b4-4eaa-852a/derivatives/OriginalJpeg/content,https://cch2.org/imglib/cch2/UCJEPS_VASC/UC727/content_1688591450_tn.jpg,https://webapps.cspace.berkeley.edu/ucjeps/imageserver/blobs/6ee4b147-b3b4-4eaa-852a/derivatives/Medium/content,image/jpeg,StillImage,Photograph,http://creativecommons.org/licenses/by-nc/4.0/,"UCJEPS - University and Jepson Herbaria, University of California, Berkeley (UCJEPS-VASC)",,"CC BY-NC-SA (Attribution-NonCommercial-ShareAlike)",,,,,urn:uuid:4af4d381-e327-44e0-966e-2c66eda59918,"2021-10-11 17:34:40",https://cch2.org/portal/collections/individual/index.php?occid=3472637,en
3530243,https://webapps.cspace.berkeley.edu/ucjeps/imageserver/blobs/23e6a89d-8791-4adb-9b9e/derivatives/OriginalJpeg/content,https://webapps.cspace.berkeley.edu/ucjeps/imageserver/blobs/23e6a89d-8791-4adb-9b9e/derivatives/OriginalJpeg/content,https://cch2.org/imglib/cch2/UCJEPS_VASC/UC727/content_1687593928_tn.jpg,https://webapps.cspace.berkeley.edu/ucjeps/imageserver/blobs/23e6a89d-8791-4adb-9b9e/derivatives/Medium/content,image/jpeg,StillImage,Photograph,http://creativecommons.org/licenses/by-nc/4.0/,"UCJEPS - University and Jepson Herbaria, University of California, Berkeley (UCJEPS-VASC)",,"CC BY-NC-SA (Attribution-NonCommercial-ShareAlike)",,,,,urn:uuid:2a0daa4b-ee3b-4e6b-ac03-de7ea09327e3,"2021-10-11 17:34:41",https://cch2.org/portal/collections/individual/index.php?occid=3530243,en
4867498,https://collections.nmnh.si.edu/media/?irn=10399823&width=4000,https://collections.nmnh.si.edu/media/?irn=10399823&width=4000,https://collections.nmnh.si.edu/media/?i=10399823&width=300,https://collections.nmnh.si.edu/media/?i=10399823&width=1200,,StillImage,Photograph,http://creativecommons.org/publicdomain/zero/1.0/,"US - Smithsonian Institution, National Museum of Natural History (US)",,"CC BY-NC-SA (Attribution-NonCommercial-ShareAlike)",,,,,urn:uuid:0ee5074c-f6c1-4e23-8f0d-1c98d05b4798,"2021-10-19 11:52:33",https://cch2.org/portal/collections/individual/index.php?occid=4867498,en
3267604,https://webapps.cspace.berkeley.edu/ucjeps/imageserver/blobs/a3cd400c-ede4-4a61-a2b9/derivatives/OriginalJpeg/content,https://webapps.cspace.berkeley.edu/ucjeps/imageserver/blobs/a3cd400c-ede4-4a61-a2b9/derivatives/OriginalJpeg/content,https://cch2.org/imglib/cch2/UCJEPS_VASC/JEPS53/content_1688585295_tn.jpg,https://webapps.cspace.berkeley.edu/ucjeps/imageserver/blobs/a3cd400c-ede4-4a61-a2b9/derivatives/Medium/content,image/jpeg,StillImage,Photograph,http://creativecommons.org/licenses/by-nc/4.0/,"UCJEPS - University and Jepson Herbaria, University of California, Berkeley (UCJEPS-VASC)",,"CC BY-NC-SA (Attribution-NonCommercial-ShareAlike)",,,,,urn:uuid:1d6bb8b5-797e-4b93-bccc-3eeaecd2bf33,"2021-11-23 15:25:39",https://cch2.org/portal/collections/individual/index.php?occid=3267604,en
3403867,https://webapps.cspace.berkeley.edu/ucjeps/imageserver/blobs/072e8336-658a-4bf8-9d22/derivatives/OriginalJpeg/content,https://webapps.cspace.berkeley.edu/ucjeps/imageserver/blobs/072e8336-658a-4bf8-9d22/derivatives/OriginalJpeg/content,https://cch2.org/imglib/cch2/UCJEPS_VASC/UC117/content_1687587610_tn.jpg,https://webapps.cspace.berkeley.edu/ucjeps/imageserver/blobs/072e8336-658a-4bf8-9d22/derivatives/Medium/content,image/jpeg,StillImage,Photograph,http://creativecommons.org/licenses/by-nc/4.0/,"UCJEPS - University and Jepson Herbaria, University of California, Berkeley (UCJEPS-VASC)",,"CC BY-NC-SA (Attribution-NonCommercial-ShareAlike)",,,,,urn:uuid:a235860e-c949-4d42-9c10-23337d3accc2,"2022-02-08 15:17:31",https://cch2.org/portal/collections/individual/index.php?occid=3403867,en
5287708,https://s3.msi.umn.edu/mbaenrms3fs/images/MIN_Plants/01001/1001103_lg.jpg,https://s3.msi.umn.edu/mbaenrms3fs/images/MIN_Plants/01001/1001103_lg.jpg,https://s3.msi.umn.edu/mbaenrms3fs/images/MIN_Plants/01001/1001103_tn.jpg,https://s3.msi.umn.edu/mbaenrms3fs/images/MIN_Plants/01001/1001103.jpg,image/jpeg,StillImage,Photograph,http://creativecommons.org/publicdomain/zero/1.0/,"MIN - Bell Museum Herbarium, University of Minnesota (MIN)",,"CC0 1.0 (Public-domain)",,,,,urn:uuid:947431de-9779-4c80-8c34-1bbc9838af12,"2022-02-24 11:02:35",https://cch2.org/portal/collections/individual/index.php?occid=5287708,en
3546030,https://webapps.cspace.berkeley.edu/ucjeps/imageserver/blobs/17c6a0d0-2534-40db-bd97/derivatives/OriginalJpeg/content|https://webapps.cspace.berkeley.edu/ucjeps/imageserver/blobs/3263fcfe-0784-4caa-948d/derivatives/OriginalJpeg/content,https://webapps.cspace.berkeley.edu/ucjeps/imageserver/blobs/17c6a0d0-2534-40db-bd97/derivatives/OriginalJpeg/content|https://webapps.cspace.berkeley.edu/ucjeps/imageserver/blobs/3263fcfe-0784-4caa-948d/derivatives/OriginalJpeg/content,https://cch2.org/imglib/cch2/UCJEPS_VASC/UC78/content_1655173341_tn.jpg,,image/jpeg,StillImage,Photograph,http://creativecommons.org/licenses/by-nc/4.0/,"UCJEPS - University and Jepson Herbaria, University of California, Berkeley (UCJEPS-VASC)",,"CC BY-NC-SA (Attribution-NonCommercial-ShareAlike)",,,,,urn:uuid:6ba3ea31-0699-487f-89ea-35a5b578257b,"2022-06-06 18:41:42",https://cch2.org/portal/collections/individual/index.php?occid=3546030,en
3546030,https://webapps.cspace.berkeley.edu/ucjeps/imageserver/blobs/17c6a0d0-2534-40db-bd97/derivatives/OriginalJpeg/content,https://webapps.cspace.berkeley.edu/ucjeps/imageserver/blobs/17c6a0d0-2534-40db-bd97/derivatives/OriginalJpeg/content,https://cch2.org/imglib/cch2/UCJEPS_VASC/UC78/content_1693690432_tn.jpg,https://webapps.cspace.berkeley.edu/ucjeps/imageserver/blobs/17c6a0d0-2534-40db-bd97/derivatives/Medium/content,image/jpeg,StillImage,Photograph,http://creativecommons.org/licenses/by-nc/4.0/,"UCJEPS - University and Jepson Herbaria, University of California, Berkeley (UCJEPS-VASC)",,"CC BY-NC-SA (Attribution-NonCommercial-ShareAlike)",,,,,urn:uuid:066a6810-4ff5-473b-850f-e5969a70414c,"2022-06-07 13:24:49",https://cch2.org/portal/collections/individual/index.php?occid=3546030,en
428224,https://sdplantatlas.org/HiResDisplay/TypesDisplaySeaDragon.aspx?H=SD00000116,https://sdplantatlas.org/HiResDisplay/TypesDisplaySeaDragon.aspx?H=SD00000116,https://SDPlantAtlas.org/TypesImages/thumbnails/SD00000116.jpg,,image/jpeg,StillImage,Photograph,http://creativecommons.org/licenses/by-nc/4.0/,"SD - SD Herbarium, San Diego Natural History Museum (SD)",,"CC BY-NC-SA (Attribution-NonCommercial-ShareAlike)",,,,,urn:uuid:84ba24cd-f6eb-41e6-9ffa-92f4639b090c,"2023-04-05 13:26:59",https://cch2.org/portal/collections/individual/index.php?occid=428224,en
5716699,https://sernecportal.org/imglib/seinet/swnode/RENO_V/00115/115295_lg.jpg,https://sernecportal.org/imglib/seinet/swnode/RENO_V/00115/115295_lg.jpg,https://sernecportal.org/imglib/seinet/swnode/RENO_V/00115/115295_tn.jpg,https://sernecportal.org/imglib/seinet/swnode/RENO_V/00115/115295.JPG,image/jpeg,StillImage,Photograph,http://creativecommons.org/licenses/by-nc/4.0/,"RENO - University of Nevada, Reno Herbarium (RENO-V)",,"CC BY-NC-SA (Attribution-NonCommercial-ShareAlike)",,,,,urn:uuid:fb355194-8d6c-47e8-aa07-11e10d9f10a8,"2023-06-01 08:47:50",https://cch2.org/portal/collections/individual/index.php?occid=5716699,en
3261715,https://webapps.cspace.berkeley.edu/ucjeps/imageserver/blobs/6646095c-7ccc-4e09-8e24/derivatives/OriginalJpeg/content,https://webapps.cspace.berkeley.edu/ucjeps/imageserver/blobs/6646095c-7ccc-4e09-8e24/derivatives/OriginalJpeg/content,https://cch2.org/imglib/cch2/UCJEPS_VASC/UC699/content_1693711881_tn.jpg,https://webapps.cspace.berkeley.edu/ucjeps/imageserver/blobs/6646095c-7ccc-4e09-8e24/derivatives/Medium/content,image/jpeg,StillImage,Photograph,http://creativecommons.org/licenses/by-nc/4.0/,"UCJEPS - University and Jepson Herbaria, University of California, Berkeley (UCJEPS-VASC)",,"CC BY-NC-SA (Attribution-NonCommercial-ShareAlike)",,,,,urn:uuid:02d5a82a-6fe9-42a2-b0d2-4e23d9d400cd,"2023-06-20 13:52:50",https://cch2.org/portal/collections/individual/index.php?occid=3261715,en
3216216,https://webapps.cspace.berkeley.edu/ucjeps/imageserver/blobs/627ae6b3-b40e-4e35-aa72/derivatives/OriginalJpeg/content,https://webapps.cspace.berkeley.edu/ucjeps/imageserver/blobs/627ae6b3-b40e-4e35-aa72/derivatives/OriginalJpeg/content,https://cch2.org/imglib/cch2/UCJEPS_VASC/JEPS33/content_1688602591_tn.jpg,https://webapps.cspace.berkeley.edu/ucjeps/imageserver/blobs/627ae6b3-b40e-4e35-aa72/derivatives/Medium/content,image/jpeg,StillImage,Photograph,http://creativecommons.org/licenses/by-nc/4.0/,"UCJEPS - University and Jepson Herbaria, University of California, Berkeley (UCJEPS-VASC)",,"CC BY-NC-SA (Attribution-NonCommercial-ShareAlike)",,,,,urn:uuid:54caf394-1ff3-4396-ae54-5dfbe4bb7eee,"2023-06-20 13:55:11",https://cch2.org/portal/collections/individual/index.php?occid=3216216,en
2132569,https://cch2.org/imglib/cch2/CHSC_VascularPlants/CHSC109/CHSC109940_lg.jpg,https://cch2.org/imglib/cch2/CHSC_VascularPlants/CHSC109/CHSC109940_lg.jpg,https://cch2.org/imglib/cch2/CHSC_VascularPlants/CHSC109/CHSC109940_tn.jpg,https://cch2.org/imglib/cch2/CHSC_VascularPlants/CHSC109/CHSC109940.jpg,image/jpeg,StillImage,Photograph,http://creativecommons.org/licenses/by-nc/4.0/,"CHSC - Ahart Herbarium, CSU Chico - Vascular Plants (CHSC-VascularPlants)",,"CC BY-NC-SA (Attribution-NonCommercial-ShareAlike)",,,,,urn:uuid:df2e8775-e22c-4e8e-b3b5-98640e171e77,"2023-07-03 20:08:27",https://cch2.org/portal/collections/individual/index.php?occid=2132569,en
1617522,https://cch2.org/imglib/cch2/UCR/UCR0000/UCR0000099_lg.jpg,https://cch2.org/imglib/cch2/UCR/UCR0000/UCR0000099_lg.jpg,https://cch2.org/imglib/cch2/UCR/UCR0000/UCR0000099_tn.jpg,https://cch2.org/imglib/cch2/UCR/UCR0000/UCR0000099.jpg,image/jpeg,StillImage,Photograph,http://creativecommons.org/licenses/by-nc/4.0/,"UCR - University of California, Riverside Herbarium - Vascular Plants (UCR-)",,"CC BY-NC-SA (Attribution-NonCommercial-ShareAlike)",,,,,urn:uuid:1d3e09d8-4ec0-4d5f-a492-228f02101e67,"2023-07-06 15:27:51",https://cch2.org/portal/collections/individual/index.php?occid=1617522,en
1490582,https://cch2.org/imglib/cch2/UCR/UCR0062/UCR0062538_lg.jpg,https://cch2.org/imglib/cch2/UCR/UCR0062/UCR0062538_lg.jpg,https://cch2.org/imglib/cch2/UCR/UCR0062/UCR0062538_tn.jpg,https://cch2.org/imglib/cch2/UCR/UCR0062/UCR0062538.jpg,image/jpeg,StillImage,Photograph,http://creativecommons.org/licenses/by-nc/4.0/,"UCR - University of California, Riverside Herbarium - Vascular Plants (UCR-)",,"CC BY-NC-SA (Attribution-NonCommercial-ShareAlike)",,,,,urn:uuid:7e62bdf7-0c66-4dc1-9304-cc357fa85982,"2023-07-07 21:26:07",https://cch2.org/portal/collections/individual/index.php?occid=1490582,en
1003226,https://cch2.org/imglib/cch2/RSA_VascularPlants/RSA0182/RSA0182265_lg.jpg,https://cch2.org/imglib/cch2/RSA_VascularPlants/RSA0182/RSA0182265_lg.jpg,https://cch2.org/imglib/cch2/RSA_VascularPlants/RSA0182/RSA0182265_tn.jpg,https://cch2.org/imglib/cch2/RSA_VascularPlants/RSA0182/RSA0182265.jpg,image/jpeg,StillImage,Photograph,http://creativecommons.org/licenses/by-nc/4.0/,"RSA - California Botanic Garden Herbarium (RSA-VascularPlants)",,"CC BY-NC-SA (Attribution-NonCommercial-ShareAlike)",,,,,urn:uuid:bcd841bb-f0d2-486c-a15f-7677c123dcb9,"2023-07-08 21:42:01",https://cch2.org/portal/collections/individual/index.php?occid=1003226,en
993127,https://cch2.org/imglib/cch2/RSA_VascularPlants/RSA0456/RSA0456605_lg.JPG,https://cch2.org/imglib/cch2/RSA_VascularPlants/RSA0456/RSA0456605_lg.JPG,https://cch2.org/imglib/cch2/RSA_VascularPlants/RSA0456/RSA0456605_tn.JPG,https://cch2.org/imglib/cch2/RSA_VascularPlants/RSA0456/RSA0456605.JPG,image/jpeg,StillImage,Photograph,http://creativecommons.org/licenses/by-nc/4.0/,"RSA - California Botanic Garden Herbarium (RSA-VascularPlants)",,"CC BY-NC-SA (Attribution-NonCommercial-ShareAlike)",,,,,urn:uuid:b62e2d86-42f7-4025-8c70-c1a5e20b83ba,"2023-07-12 21:40:10",https://cch2.org/portal/collections/individual/index.php?occid=993127,en
4775965,https://sernecportal.org/imglib/seinet/intermt/RENO_V/00107/107252.JPG,https://sernecportal.org/imglib/seinet/intermt/RENO_V/00107/107252.JPG,https://sernecportal.org/imglib/seinet/intermt/RENO_V/00107/107252_tn.jpg,https://sernecportal.org/imglib/seinet/intermt/RENO_V/00107/107252_med.jpg,image/jpeg,StillImage,Photograph,http://creativecommons.org/licenses/by-nc/4.0/,"RENO - University of Nevada, Reno Herbarium (RENO-V)",,"CC BY-NC-SA (Attribution-NonCommercial-ShareAlike)",,,,,urn:uuid:150d9e71-b700-4b59-a13f-fe6bb62b968f,"2024-03-01 09:20:08",https://cch2.org/portal/collections/individual/index.php?occid=4775965,en
5067072,https://sernecportal.org/imglib/seinet/intermt/RENO_V/00109/109713.JPG,https://sernecportal.org/imglib/seinet/intermt/RENO_V/00109/109713.JPG,https://sernecportal.org/imglib/seinet/intermt/RENO_V/00109/109713_tn.jpg,https://sernecportal.org/imglib/seinet/intermt/RENO_V/00109/109713_med.jpg,image/jpeg,StillImage,Photograph,http://creativecommons.org/licenses/by-nc/4.0/,"RENO - University of Nevada, Reno Herbarium (RENO-V)",,"CC BY-NC-SA (Attribution-NonCommercial-ShareAlike)",,,,,urn:uuid:64000533-2dda-43d4-8511-e4a2fa484892,"2024-03-01 09:20:08",https://cch2.org/portal/collections/individual/index.php?occid=5067072,en
2437667,https://ibss-images.calacademy.org/static/botany/originals/17/dd/17dd0fa3-142b-4cfb-bdfd-a0145df4e79c.jpg,https://ibss-images.calacademy.org/static/botany/originals/17/dd/17dd0fa3-142b-4cfb-bdfd-a0145df4e79c.jpg,http://ibss-images.calacademy.org/fileget?coll=Botany&type=T&scale=200&filename=17dd0fa3-142b-4cfb-bdfd-a0145df4e79c.jpg,,image/jpeg,StillImage,Photograph,http://creativecommons.org/licenses/by-nc/4.0/,"CAS - California Academy of Sciences Vascular Plants (CAS-BOT-BC)",,"CC BY-NC-SA (Attribution-NonCommercial-ShareAlike)",,,,,urn:uuid:db341f12-6a44-429d-a8a4-ece3afdd9b4b,"2024-08-06 11:11:26",https://cch2.org/portal/collections/individual/index.php?occid=2437667,en
5503784,https://ibss-images.calacademy.org/static/botany/originals/da/c0/dac0dccd-f119-44ae-850d-7533b61fb122.jpg,https://ibss-images.calacademy.org/static/botany/originals/da/c0/dac0dccd-f119-44ae-850d-7533b61fb122.jpg,http://ibss-images.calacademy.org/fileget?coll=Botany&type=T&scale=200&filename=dac0dccd-f119-44ae-850d-7533b61fb122.jpg,,image/jpeg,StillImage,Photograph,http://creativecommons.org/licenses/by-nc/4.0/,"CAS - California Academy of Sciences Vascular Plants (CAS-BOT-BC)",,"CC BY-NC-SA (Attribution-NonCommercial-ShareAlike)",,,,,urn:uuid:c27282d4-8afa-41fd-85d9-25b0d2468ec2,"2024-08-06 11:11:26",https://cch2.org/portal/collections/individual/index.php?occid=5503784,en
2365123,https://ibss-images.calacademy.org/static/botany/originals/60/5a/605a5410-7e91-4e6f-8388-79a2518a328b.jpg,https://ibss-images.calacademy.org/static/botany/originals/60/5a/605a5410-7e91-4e6f-8388-79a2518a328b.jpg,http://ibss-images.calacademy.org/fileget?coll=Botany&type=T&scale=200&filename=605a5410-7e91-4e6f-8388-79a2518a328b.jpg,,image/jpeg,StillImage,Photograph,http://creativecommons.org/licenses/by-nc/4.0/,"CAS - California Academy of Sciences Vascular Plants (CAS-BOT-BC)",,"CC BY-NC-SA (Attribution-NonCommercial-ShareAlike)",,,,,urn:uuid:65fc0996-d50b-4517-b6eb-3dc627d321b7,"2024-08-06 12:01:43",https://cch2.org/portal/collections/individual/index.php?occid=2365123,en
2413774,https://ibss-images.calacademy.org/static/botany/originals/25/b2/25b23e02-7b4e-4861-b5b2-76d9fb99456b.jpg,https://ibss-images.calacademy.org/static/botany/originals/25/b2/25b23e02-7b4e-4861-b5b2-76d9fb99456b.jpg,http://ibss-images.calacademy.org/fileget?coll=Botany&type=T&scale=200&filename=25b23e02-7b4e-4861-b5b2-76d9fb99456b.jpg,,image/jpeg,StillImage,Photograph,http://creativecommons.org/licenses/by-nc/4.0/,"CAS - California Academy of Sciences Vascular Plants (CAS-BOT-BC)",,"CC BY-NC-SA (Attribution-NonCommercial-ShareAlike)",,,,,urn:uuid:ee723f1a-9fd9-44ac-88ed-24377a0acef4,"2024-08-06 12:01:43",https://cch2.org/portal/collections/individual/index.php?occid=2413774,en
2387242,https://ibss-images.calacademy.org/static/botany/originals/13/36/13360be4-e777-4153-9fd8-1a1dd35f347d.jpg,https://ibss-images.calacademy.org/static/botany/originals/13/36/13360be4-e777-4153-9fd8-1a1dd35f347d.jpg,http://ibss-images.calacademy.org/fileget?coll=Botany&type=T&scale=200&filename=13360be4-e777-4153-9fd8-1a1dd35f347d.jpg,,image/jpeg,StillImage,Photograph,http://creativecommons.org/licenses/by-nc/4.0/,"CAS - California Academy of Sciences Vascular Plants (CAS-BOT-BC)",,"CC BY-NC-SA (Attribution-NonCommercial-ShareAlike)",,,,,urn:uuid:0e246e4f-9769-4545-b349-af2e6238002a,"2024-08-06 12:01:43",https://cch2.org/portal/collections/individual/index.php?occid=2387242,en
2424942,https://ibss-images.calacademy.org/static/botany/originals/26/a1/26a1e45d-11da-4c56-9552-287315ecdfda.jpg,https://ibss-images.calacademy.org/static/botany/originals/26/a1/26a1e45d-11da-4c56-9552-287315ecdfda.jpg,http://ibss-images.calacademy.org/fileget?coll=Botany&type=T&scale=200&filename=26a1e45d-11da-4c56-9552-287315ecdfda.jpg,,image/jpeg,StillImage,Photograph,http://creativecommons.org/licenses/by-nc/4.0/,"CAS - California Academy of Sciences Vascular Plants (CAS-BOT-BC)",,"CC BY-NC-SA (Attribution-NonCommercial-ShareAlike)",,,,,urn:uuid:f4206583-74cf-41c8-b307-5bd702070f22,"2024-08-06 12:01:43",https://cch2.org/portal/collections/individual/index.php?occid=2424942,en
2398834,https://ibss-images.calacademy.org/static/botany/originals/85/e5/85e5b705-ad1a-4091-8f36-2019da2227a7.jpg,https://ibss-images.calacademy.org/static/botany/originals/85/e5/85e5b705-ad1a-4091-8f36-2019da2227a7.jpg,http://ibss-images.calacademy.org/fileget?coll=Botany&type=T&scale=200&filename=85e5b705-ad1a-4091-8f36-2019da2227a7.jpg,,image/jpeg,StillImage,Photograph,http://creativecommons.org/licenses/by-nc/4.0/,"CAS - California Academy of Sciences Vascular Plants (CAS-BOT-BC)",,"CC BY-NC-SA (Attribution-NonCommercial-ShareAlike)",,,,,urn:uuid:1b54fbc4-9b64-4a57-95f5-35c266bef6a8,"2024-08-06 12:01:43",https://cch2.org/portal/collections/individual/index.php?occid=2398834,en
2384692,https://ibss-images.calacademy.org/static/botany/originals/49/d0/49d02b99-3846-4d3c-8279-5f031d0d8584.jpg,https://ibss-images.calacademy.org/static/botany/originals/49/d0/49d02b99-3846-4d3c-8279-5f031d0d8584.jpg,http://ibss-images.calacademy.org/fileget?coll=Botany&type=T&scale=200&filename=49d02b99-3846-4d3c-8279-5f031d0d8584.jpg,,image/jpeg,StillImage,Photograph,http://creativecommons.org/licenses/by-nc/4.0/,"CAS - California Academy of Sciences Vascular Plants (CAS-BOT-BC)",,"CC BY-NC-SA (Attribution-NonCommercial-ShareAlike)",,,,,urn:uuid:806291e2-e2b6-4057-afd9-ba8eaca247bd,"2024-08-06 12:01:43",https://cch2.org/portal/collections/individual/index.php?occid=2384692,en
2402227,https://ibss-images.calacademy.org/static/botany/originals/93/7f/937f05ae-22df-4fe5-8f8e-66488e1c715e.jpg,https://ibss-images.calacademy.org/static/botany/originals/93/7f/937f05ae-22df-4fe5-8f8e-66488e1c715e.jpg,http://ibss-images.calacademy.org/fileget?coll=Botany&type=T&scale=200&filename=937f05ae-22df-4fe5-8f8e-66488e1c715e.jpg,,image/jpeg,StillImage,Photograph,http://creativecommons.org/licenses/by-nc/4.0/,"CAS - California Academy of Sciences Vascular Plants (CAS-BOT-BC)",,"CC BY-NC-SA (Attribution-NonCommercial-ShareAlike)",,,,,urn:uuid:4ea94214-cbc8-4386-b4f6-f8b5b60f3d88,"2024-08-06 12:01:43",https://cch2.org/portal/collections/individual/index.php?occid=2402227,en
2414627,https://ibss-images.calacademy.org/static/botany/originals/98/8c/988c13d0-b4c2-447f-826b-fdff59fba953.jpg,https://ibss-images.calacademy.org/static/botany/originals/98/8c/988c13d0-b4c2-447f-826b-fdff59fba953.jpg,http://ibss-images.calacademy.org/fileget?coll=Botany&type=T&scale=200&filename=988c13d0-b4c2-447f-826b-fdff59fba953.jpg,,image/jpeg,StillImage,Photograph,http://creativecommons.org/licenses/by-nc/4.0/,"CAS - California Academy of Sciences Vascular Plants (CAS-BOT-BC)",,"CC BY-NC-SA (Attribution-NonCommercial-ShareAlike)",,,,,urn:uuid:f08671f1-07e5-4033-85ad-273b6bde40e3,"2024-08-06 12:01:43",https://cch2.org/portal/collections/individual/index.php?occid=2414627,en
2404897,https://ibss-images.calacademy.org/static/botany/originals/bb/75/bb75e806-1e6b-43cd-ab4f-6383480b06d9.jpg,https://ibss-images.calacademy.org/static/botany/originals/bb/75/bb75e806-1e6b-43cd-ab4f-6383480b06d9.jpg,http://ibss-images.calacademy.org/fileget?coll=Botany&type=T&scale=200&filename=bb75e806-1e6b-43cd-ab4f-6383480b06d9.jpg,,image/jpeg,StillImage,Photograph,http://creativecommons.org/licenses/by-nc/4.0/,"CAS - California Academy of Sciences Vascular Plants (CAS-BOT-BC)",,"CC BY-NC-SA (Attribution-NonCommercial-ShareAlike)",,,,,urn:uuid:f4046e00-bb5c-4d5d-b2cb-c2827e252804,"2024-08-06 12:01:43",https://cch2.org/portal/collections/individual/index.php?occid=2404897,en
2435588,https://ibss-images.calacademy.org/static/botany/originals/10/0a/100aec7c-0050-45e0-8b5e-bd8a17997873.jpg,https://ibss-images.calacademy.org/static/botany/originals/10/0a/100aec7c-0050-45e0-8b5e-bd8a17997873.jpg,http://ibss-images.calacademy.org/fileget?coll=Botany&type=T&scale=200&filename=100aec7c-0050-45e0-8b5e-bd8a17997873.jpg,,image/jpeg,StillImage,Photograph,http://creativecommons.org/licenses/by-nc/4.0/,"CAS - California Academy of Sciences Vascular Plants (CAS-BOT-BC)",,"CC BY-NC-SA (Attribution-NonCommercial-ShareAlike)",,,,,urn:uuid:7abd95cb-f4ba-4801-8a6e-892b39b3dd2e,"2024-08-06 12:01:43",https://cch2.org/portal/collections/individual/index.php?occid=2435588,en
2340934,https://ibss-images.calacademy.org/static/botany/originals/94/ff/94ffe0a1-875d-454d-b527-96fa05319f41.jpg,https://ibss-images.calacademy.org/static/botany/originals/94/ff/94ffe0a1-875d-454d-b527-96fa05319f41.jpg,http://ibss-images.calacademy.org/fileget?coll=Botany&type=T&scale=200&filename=94ffe0a1-875d-454d-b527-96fa05319f41.jpg,,image/jpeg,StillImage,Photograph,http://creativecommons.org/licenses/by-nc/4.0/,"CAS - California Academy of Sciences Vascular Plants (CAS-BOT-BC)",,"CC BY-NC-SA (Attribution-NonCommercial-ShareAlike)",,,,,urn:uuid:bae4d04f-33a0-47a1-bc41-467e91c6fd59,"2024-08-06 12:01:43",https://cch2.org/portal/collections/individual/index.php?occid=2340934,en
2387255,https://ibss-images.calacademy.org/static/botany/originals/aa/e1/aae19e9f-dde3-4f97-864f-5cbca7424d17.jpg,https://ibss-images.calacademy.org/static/botany/originals/aa/e1/aae19e9f-dde3-4f97-864f-5cbca7424d17.jpg,http://ibss-images.calacademy.org/fileget?coll=Botany&type=T&scale=200&filename=aae19e9f-dde3-4f97-864f-5cbca7424d17.jpg,,image/jpeg,StillImage,Photograph,http://creativecommons.org/licenses/by-nc/4.0/,"CAS - California Academy of Sciences Vascular Plants (CAS-BOT-BC)",,"CC BY-NC-SA (Attribution-NonCommercial-ShareAlike)",,,,,urn:uuid:49745847-f25e-4fbc-b3df-604ed9224575,"2024-08-06 12:01:43",https://cch2.org/portal/collections/individual/index.php?occid=2387255,en
2320946,https://ibss-images.calacademy.org/static/botany/originals/bc/27/bc27d09e-9ec7-48d7-9be7-2acc915bb466.jpg,https://ibss-images.calacademy.org/static/botany/originals/bc/27/bc27d09e-9ec7-48d7-9be7-2acc915bb466.jpg,http://ibss-images.calacademy.org/fileget?coll=Botany&type=T&scale=200&filename=bc27d09e-9ec7-48d7-9be7-2acc915bb466.jpg,,image/jpeg,StillImage,Photograph,http://creativecommons.org/licenses/by-nc/4.0/,"CAS - California Academy of Sciences Vascular Plants (CAS-BOT-BC)",,"CC BY-NC-SA (Attribution-NonCommercial-ShareAlike)",,,,,urn:uuid:381f123b-a6d9-4fde-a0f4-334a2d7905cb,"2024-08-06 12:01:43",https://cch2.org/portal/collections/individual/index.php?occid=2320946,en
2329890,https://ibss-images.calacademy.org/static/botany/originals/88/94/8894d143-cf56-4f3d-a684-f6cc2e824c15.jpg,https://ibss-images.calacademy.org/static/botany/originals/88/94/8894d143-cf56-4f3d-a684-f6cc2e824c15.jpg,http://ibss-images.calacademy.org/fileget?coll=Botany&type=T&scale=200&filename=8894d143-cf56-4f3d-a684-f6cc2e824c15.jpg,,image/jpeg,StillImage,Photograph,http://creativecommons.org/licenses/by-nc/4.0/,"CAS - California Academy of Sciences Vascular Plants (CAS-BOT-BC)",,"CC BY-NC-SA (Attribution-NonCommercial-ShareAlike)",,,,,urn:uuid:c9ca229e-0d62-43eb-a259-b0ed3978d073,"2024-08-06 12:01:43",https://cch2.org/portal/collections/individual/index.php?occid=2329890,en
2399269,https://ibss-images.calacademy.org/static/botany/originals/f1/3e/f13e82b3-d679-4551-8238-c2053091b7cd.jpg,https://ibss-images.calacademy.org/static/botany/originals/f1/3e/f13e82b3-d679-4551-8238-c2053091b7cd.jpg,http://ibss-images.calacademy.org/fileget?coll=Botany&type=T&scale=200&filename=f13e82b3-d679-4551-8238-c2053091b7cd.jpg,,image/jpeg,StillImage,Photograph,http://creativecommons.org/licenses/by-nc/4.0/,"CAS - California Academy of Sciences Vascular Plants (CAS-BOT-BC)",,"CC BY-NC-SA (Attribution-NonCommercial-ShareAlike)",,,,,urn:uuid:f18da0c3-ad63-46eb-bef4-dd97e1322925,"2024-08-06 12:01:43",https://cch2.org/portal/collections/individual/index.php?occid=2399269,en
2618262,https://ibss-images.calacademy.org/static/botany/originals/0f/80/0f80d954-d6bd-4930-b064-26b5592e3a86.jpg,https://ibss-images.calacademy.org/static/botany/originals/0f/80/0f80d954-d6bd-4930-b064-26b5592e3a86.jpg,http://ibss-images.calacademy.org/fileget?coll=Botany&type=T&scale=200&filename=0f80d954-d6bd-4930-b064-26b5592e3a86.jpg,,image/jpeg,StillImage,Photograph,http://creativecommons.org/licenses/by-nc/4.0/,"CAS - California Academy of Sciences Vascular Plants (CAS-BOT-BC)",,"CC BY-NC-SA (Attribution-NonCommercial-ShareAlike)",,,,,urn:uuid:46b6fcf4-06e0-4fe2-b73f-ecebd911fb7d,"2024-08-06 12:01:43",https://cch2.org/portal/collections/individual/index.php?occid=2618262,en
2387255,https://ibss-images.calacademy.org/static/botany/originals/09/83/0983f14c-8bdb-4069-a9d2-7aefe894e1ac.jpg,https://ibss-images.calacademy.org/static/botany/originals/09/83/0983f14c-8bdb-4069-a9d2-7aefe894e1ac.jpg,http://ibss-images.calacademy.org/fileget?coll=Botany&type=T&scale=200&filename=0983f14c-8bdb-4069-a9d2-7aefe894e1ac.jpg,,image/jpeg,StillImage,Photograph,http://creativecommons.org/licenses/by-nc/4.0/,"CAS - California Academy of Sciences Vascular Plants (CAS-BOT-BC)",,"CC BY-NC-SA (Attribution-NonCommercial-ShareAlike)",,,,,urn:uuid:0e0df34f-dd7a-4659-9b8b-a29a5882830e,"2024-08-06 12:01:43",https://cch2.org/portal/collections/individual/index.php?occid=2387255,en
4775662,https://sernecportal.org/imglib/seinet/intermt/RENO_V/00106/106877.JPG,https://sernecportal.org/imglib/seinet/intermt/RENO_V/00106/106877.JPG,https://sernecportal.org/imglib/seinet/intermt/RENO_V/00106/106877_tn.jpg,https://sernecportal.org/imglib/seinet/intermt/RENO_V/00106/106877_med.jpg,image/jpeg,StillImage,Photograph,http://creativecommons.org/licenses/by-nc/4.0/,"RENO - University of Nevada, Reno Herbarium (RENO-V)",,"CC BY-NC-SA (Attribution-NonCommercial-ShareAlike)",,,,,urn:uuid:12d300d3-0a75-4073-acf4-2234f0008769,"2024-09-06 21:24:04",https://cch2.org/portal/collections/individual/index.php?occid=4775662,en
5913385,https://sernecportal.org/imglib/seinet/intermt/RENO_V/00117/117881.JPG,https://sernecportal.org/imglib/seinet/intermt/RENO_V/00117/117881.JPG,https://sernecportal.org/imglib/seinet/intermt/RENO_V/00117/117881_tn.jpg,https://sernecportal.org/imglib/seinet/intermt/RENO_V/00117/117881_med.jpg,image/jpeg,StillImage,Photograph,http://creativecommons.org/licenses/by-nc/4.0/,"RENO - University of Nevada, Reno Herbarium (RENO-V)",,"CC BY-NC-SA (Attribution-NonCommercial-ShareAlike)",,,,,urn:uuid:4ed9e40d-4612-435e-b423-9a5470600971,"2024-09-06 21:24:04",https://cch2.org/portal/collections/individual/index.php?occid=5913385,en
